{"cameraMode":{"drawMode":0,"name":"Shaded","section":"Shading Mode"},"sceneLighting":false,"audioPlay":false,"sceneViewState":{"m_AlwaysRefresh":false,"showFog":true,"showSkybox":false,"showFlares":true,"showImageEffects":true,"showParticleSystems":true,"showVisualEffectGraphs":true,"m_FxEnabled":true},"in2DMode":false,"pivot":{"x":-0.6151168346405029,"y":2.4349865913391115,"z":-0.18944573402404786},"rotation":{"x":-0.04690520465373993,"y":0.7316803932189941,"z":-0.05096491053700447,"w":-0.6783288717269898},"size":7.477671146392822,"orthographic":false}