{"cameraMode":{"drawMode":0,"name":"Shaded","section":"Shading Mode"},"sceneLighting":true,"audioPlay":false,"sceneViewState":{"m_AlwaysRefresh":false,"showFog":true,"showSkybox":true,"showFlares":true,"showImageEffects":true,"showParticleSystems":true,"showVisualEffectGraphs":true,"m_FxEnabled":true},"in2DMode":false,"pivot":{"x":0.8409465551376343,"y":-0.7056069374084473,"z":0.6520992517471314},"rotation":{"x":-0.15181563794612885,"y":0.6440805196762085,"z":-0.13235794007778169,"w":-0.7378928661346436},"size":1.5361716747283936,"orthographic":false}