{"cameraMode":{"drawMode":0,"name":"Shaded","section":"Shading Mode"},"sceneLighting":true,"audioPlay":false,"sceneViewState":{"m_AlwaysRefresh":false,"showFog":true,"showSkybox":true,"showFlares":true,"showImageEffects":true,"showParticleSystems":true,"showVisualEffectGraphs":true,"m_FxEnabled":true},"in2DMode":false,"pivot":{"x":0.31642597913742068,"y":0.8977831602096558,"z":-0.5938466191291809},"rotation":{"x":0.12170246243476868,"y":-0.7368488907814026,"z":0.13767246901988984,"w":0.6505544185638428},"size":1.6363017559051514,"orthographic":false}