{"cameraMode":{"drawMode":0,"name":"Shaded","section":"Shading Mode"},"sceneLighting":false,"audioPlay":false,"sceneViewState":{"m_AlwaysRefresh":false,"showFog":true,"showSkybox":false,"showFlares":true,"showImageEffects":true,"showParticleSystems":true,"showVisualEffectGraphs":true,"m_FxEnabled":true},"in2DMode":false,"pivot":{"x":-1.5657998323440552,"y":1.5356892347335816,"z":-0.37537992000579836},"rotation":{"x":-0.028467411175370218,"y":0.7405605912208557,"z":-0.03128320723772049,"w":-0.6706404685974121},"size":1.6363017559051514,"orthographic":false}